City_ID,City,Country,Date,Lat,Lng,Max Temp,Humidity,Cloudiness,Wind Speed
0,Cuamba,MZ,2023-02-20 21:43:16,-14.8031,36.5372,70.79,89,13,0.94
1,Acarau,BR,2023-02-20 21:41:56,-2.8856,-40.12,79.56,80,61,14.12
2,Bara,NG,2023-02-20 21:43:17,10.3744,10.7288,73.69,22,0,8.68
3,Ushuaia,AR,2023-02-20 21:40:07,-54.8,-68.3,58.66,51,75,12.66
4,Havre-Saint-Pierre,CA,2023-02-20 21:43:18,50.2334,-63.5986,34.16,93,100,4.61
5,Saint-Pierre,RE,2023-02-20 21:43:18,-21.3393,55.4781,83.88,54,100,8.05
6,Guanay,BO,2023-02-20 21:43:19,-15.4975,-67.8797,78.67,70,75,2.15
7,Hermanus,ZA,2023-02-20 21:43:20,-34.4187,19.2345,59.81,66,59,17.16
8,Aksarka,RU,2023-02-20 21:43:20,66.5606,67.7975,-10.68,98,76,6.38
9,Narsaq,GL,2023-02-20 21:43:21,60.9167,-46.05,1.62,72,1,9.28
10,Bosaso,SO,2023-02-20 21:43:21,11.2842,49.1816,73.0,71,54,2.57
11,Thinadhoo,MV,2023-02-20 21:43:21,0.5333,72.9333,79.99,80,58,6.26
12,Brigantine,US,2023-02-20 21:43:22,39.4101,-74.3646,58.14,72,100,9.22
13,Cape Town,ZA,2023-02-20 21:43:22,-33.9258,18.4232,62.1,58,20,2.3
14,Belyy Yar,RU,2023-02-20 21:43:23,53.6039,91.3903,-0.15,100,20,0.0
15,Souillac,MU,2023-02-20 21:43:23,-20.5167,57.5167,80.98,89,75,23.02
16,Ponta Do Sol,PT,2023-02-20 21:43:24,32.6667,-17.1,63.23,71,0,3.67
17,Port Alfred,ZA,2023-02-20 21:43:25,-33.5906,26.891,64.36,70,80,27.42
18,Abu Zabad,SD,2023-02-20 21:43:25,12.35,29.25,74.1,25,100,12.93
19,Hithadhoo,MV,2023-02-20 21:43:25,-0.6,73.0833,80.08,78,11,5.7
20,Saint-Michel-Des-Saints,CA,2023-02-20 21:43:26,46.6834,-73.9159,18.93,87,100,9.78
21,Arraial Do Cabo,BR,2023-02-20 21:40:42,-22.9661,-42.0278,80.56,83,0,16.11
22,Ilulissat,GL,2023-02-20 21:43:26,69.2167,-51.1,-11.74,100,100,0.92
23,Piste,MX,2023-02-20 21:43:27,20.7,-88.5833,87.85,42,40,4.61
24,Tasiilaq,GL,2023-02-20 21:43:27,65.6145,-37.6368,17.76,92,100,3.91
25,Cayenne,GF,2023-02-20 21:42:20,4.9333,-52.3333,75.24,94,75,2.3
26,Carlos Chagas,BR,2023-02-20 21:43:28,-17.7031,-40.7664,74.44,86,100,7.02
27,Jamestown,US,2023-02-20 21:41:31,42.097,-79.2353,43.02,58,0,8.05
28,Shipitsyno,RU,2023-02-20 21:43:29,61.2806,46.5208,-8.16,100,91,3.06
29,Dikson,RU,2023-02-20 21:43:29,73.5069,80.5464,6.73,96,100,5.99
30,Saint George,US,2023-02-20 21:40:25,37.1041,-113.5841,62.94,27,0,5.75
31,Busselton,AU,2023-02-20 21:43:30,-33.65,115.3333,64.02,88,0,4.23
32,Qaanaaq,GL,2023-02-20 21:43:30,77.484,-69.3632,-1.88,96,100,7.96
33,Sur,OM,2023-02-20 21:43:31,22.5667,59.5289,71.58,69,95,6.85
34,Lebu,CL,2023-02-20 21:43:31,-37.6167,-73.65,59.72,70,0,18.3
35,Bud,US,2023-02-20 21:43:31,39.447,-86.1758,60.22,50,94,8.55
36,Nadym,RU,2023-02-20 21:43:32,65.5333,72.5167,-9.22,95,73,6.62
37,Havelock,US,2023-02-20 21:43:32,34.8791,-76.9013,66.16,74,0,5.75
38,Carnarvon,AU,2023-02-20 21:43:33,-24.8667,113.6333,73.83,83,4,16.35
39,Port Elizabeth,ZA,2023-02-20 21:43:33,-33.918,25.5701,61.09,79,20,31.07
40,Severiano Melo,BR,2023-02-20 21:43:34,-5.7772,-37.9578,79.81,65,100,5.68
41,Gamba,GA,2023-02-20 21:43:34,-2.65,10.0,79.12,85,100,1.61
42,Krasnoselkup,RU,2023-02-20 21:43:35,65.7,82.4667,-1.32,90,99,8.28
43,Maniitsoq,GL,2023-02-20 21:43:35,65.4167,-52.9,0.79,77,100,16.62
44,Hofn,IS,2023-02-20 21:44:36,64.2539,-15.2082,32.68,64,5,9.95
45,Shatalovo,RU,2023-02-20 21:44:36,54.334,32.4465,23.5,96,100,9.13
46,Tazovskiy,RU,2023-02-20 21:44:36,67.4667,78.7,3.83,88,99,9.62
47,Bengkulu,ID,2023-02-20 21:44:37,-3.8004,102.2655,75.2,89,99,3.69
48,Walvis Bay,NA,2023-02-20 21:44:37,-22.9575,14.5053,65.35,72,0,4.61
49,Berbera,SO,2023-02-20 21:44:38,10.4396,45.0143,73.22,66,5,2.73
50,Deer Lake,CA,2023-02-20 21:44:38,49.1667,-57.4316,33.66,100,100,2.3
51,Muros,ES,2023-02-20 21:44:39,42.7762,-9.0603,57.09,77,100,10.33
52,Dingle,PH,2023-02-20 21:44:39,10.9995,122.6711,73.8,92,99,3.33
53,Cabo Rojo,PR,2023-02-20 21:44:39,18.0866,-67.1457,80.26,63,58,8.63
54,Gat,IL,2023-02-20 21:44:40,31.61,34.7642,57.88,100,55,7.0
55,Nantucket,US,2023-02-20 21:44:40,41.2835,-70.0995,46.54,93,100,14.97
56,Codrington,AU,2023-02-20 21:44:41,-38.2667,141.9667,61.77,64,47,18.21
57,Necochea,AR,2023-02-20 21:44:41,-38.5473,-58.7368,64.96,78,3,14.45
58,Kavaratti,IN,2023-02-20 21:44:41,10.5669,72.642,79.7,74,2,7.52
59,Rawson,AR,2023-02-20 21:42:40,-43.3002,-65.1023,70.2,42,100,21.9
60,Hearst,CA,2023-02-20 21:40:02,49.6835,-83.6665,1.65,83,99,1.57
61,Oussouye,SN,2023-02-20 21:44:42,12.485,-16.5469,78.98,70,68,8.12
62,Ribeira Grande,PT,2023-02-20 21:44:42,38.5167,-28.7,61.2,72,75,11.99
63,Punta Arenas,CL,2023-02-20 21:44:43,-53.15,-70.9167,59.11,58,0,26.46
64,Faya,SA,2023-02-20 21:44:43,18.3851,42.4509,55.92,78,89,3.91
65,Agadir,MA,2023-02-20 21:44:44,30.4202,-9.5982,70.25,40,2,12.41
66,Kochevo,RU,2023-02-20 21:44:44,59.5994,54.3125,3.36,95,98,7.85
67,Torbay,CA,2023-02-20 21:44:44,47.6666,-52.7314,32.27,88,100,24.16
68,Klaksvik,FO,2023-02-20 21:44:45,62.2266,-6.589,41.92,76,98,17.0
69,Nueve De Julio,AR,2023-02-20 21:44:45,-35.4444,-60.8831,87.37,12,6,9.84
70,Cartagena,CO,2023-02-20 21:42:38,10.3997,-75.5144,89.22,51,20,13.8
71,Renfrew,GB,2023-02-20 21:44:46,55.872,-4.3925,51.48,89,100,12.66
72,San Francisco,US,2023-02-20 21:40:07,37.7749,-122.4194,70.61,55,75,11.01
73,Cidreira,BR,2023-02-20 21:44:47,-30.1811,-50.2056,69.75,92,100,13.6
74,Saint-Philippe,RE,2023-02-20 21:44:47,-21.3585,55.7679,83.79,90,100,25.46
75,Joshimath,IN,2023-02-20 21:44:48,30.5667,79.5667,50.04,60,100,2.95
76,Natal,BR,2023-02-20 21:44:18,-5.795,-35.2094,81.25,78,75,12.66
77,Illapel,CL,2023-02-20 21:44:48,-31.6308,-71.1653,82.29,31,50,7.36
78,Iqaluit,CA,2023-02-20 21:44:49,63.7506,-68.5145,-16.31,68,100,10.36
79,Sayyan,YE,2023-02-20 21:44:49,15.1718,44.3244,48.0,29,38,4.16
80,Upernavik,GL,2023-02-20 21:44:49,72.7868,-56.1549,-0.45,97,100,6.51
81,Port Shepstone,ZA,2023-02-20 21:44:50,-30.7414,30.455,76.15,83,51,24.54
82,Mahebourg,MU,2023-02-20 21:44:50,-20.4081,57.7,81.25,89,75,23.02
83,Carutapera,BR,2023-02-20 21:44:50,-1.195,-46.02,75.88,93,58,5.77
84,Victoria,HK,2023-02-20 21:42:43,22.2855,114.1577,64.26,76,73,11.01
85,Mogadishu,SO,2023-02-20 21:44:51,2.0371,45.3438,76.82,80,57,20.56
86,Pontes E Lacerda,BR,2023-02-20 21:44:52,-15.2261,-59.3353,74.84,84,98,2.04
87,Vestmannaeyjar,IS,2023-02-20 21:45:52,63.4427,-20.2734,37.89,59,100,2.51
88,Mercedes,AR,2023-02-20 21:45:53,-34.6515,-59.4307,83.86,16,0,11.61
89,Sorland,NO,2023-02-20 21:45:53,67.667,12.6934,33.66,68,39,9.71
90,Nurota,UZ,2023-02-20 21:45:54,40.5614,65.6886,46.71,63,3,8.32
91,Zorgo,BF,2023-02-20 21:45:54,12.2489,-0.6158,79.59,13,0,9.13
92,Matagami,CA,2023-02-20 21:45:54,49.7502,-77.6328,-5.69,65,0,5.75
93,Abalak,RU,2023-02-20 21:45:55,58.1286,68.5944,11.64,95,100,6.26
94,Sao Filipe,CV,2023-02-20 21:45:55,14.8961,-24.4956,70.7,77,74,15.5
95,Manono,CD,2023-02-20 21:45:56,-7.3,27.4167,70.02,92,100,3.22
96,Mehamn,NO,2023-02-20 21:45:56,71.0357,27.8492,13.91,79,0,12.66
97,Nouadhibou,MR,2023-02-20 21:45:56,20.931,-17.0347,66.18,63,32,16.11
98,Tessalit,ML,2023-02-20 21:45:57,20.1986,1.0114,70.18,12,19,10.96
99,Kruisfontein,ZA,2023-02-20 21:45:57,-34.0033,24.7314,57.88,72,20,24.85
100,Eyl,SO,2023-02-20 21:45:58,7.9803,49.8164,73.45,76,60,17.47
101,Sar-E Pul,AF,2023-02-20 21:45:58,35.8333,66.1667,38.82,39,1,7.47
102,Mar Del Plata,AR,2023-02-20 21:45:30,-38.0023,-57.5575,69.94,78,0,12.66
103,Omboue,GA,2023-02-20 21:45:58,-1.5746,9.2618,79.61,86,99,3.96
104,Bredasdorp,ZA,2023-02-20 21:45:59,-34.5322,20.0403,59.4,60,48,15.43
105,Saldanha,ZA,2023-02-20 21:45:59,-33.0117,17.9442,59.05,70,74,8.57
106,Qasigiannguit,GL,2023-02-20 21:46:00,68.8193,-51.1922,-14.1,100,96,5.23
107,East London,ZA,2023-02-20 21:42:45,-33.0153,27.9116,65.7,68,81,22.24
108,Caravelas,BR,2023-02-20 21:46:01,-17.7125,-39.2481,76.35,85,70,3.6
109,Gbarnga,LR,2023-02-20 21:46:01,6.9956,-9.4722,76.42,59,2,4.25
110,Nizwa,OM,2023-02-20 21:46:02,22.9333,57.5333,69.22,37,66,0.92
111,Castro,BR,2023-02-20 21:46:03,-24.7911,-50.0119,62.53,99,100,1.61
112,San Juan De Los Morros,VE,2023-02-20 21:46:03,9.9115,-67.3538,81.48,48,77,4.74
113,Plover,US,2023-02-20 21:46:04,44.4564,-89.544,32.99,83,100,9.22
114,Bathsheba,BB,2023-02-20 21:46:05,13.2167,-59.5167,79.41,61,20,19.57
115,Marigot,MF,2023-02-20 21:46:05,18.0667,-63.0833,78.89,61,40,14.97
116,Husavik,IS,2023-02-20 21:46:06,66.0449,-17.3389,21.72,80,36,12.88
117,Clyde River,CA,2023-02-20 21:46:06,70.4692,-68.5914,-34.37,61,0,3.44
118,Aksu,CN,2023-02-20 21:46:07,41.1231,80.2644,31.41,61,53,1.59
119,Ganta,LR,2023-02-20 21:46:08,7.3022,-8.5308,74.25,36,10,1.07
120,Vangaindrano,MG,2023-02-20 21:46:08,-23.35,47.6,77.07,84,61,2.39
121,Sycamore,US,2023-02-20 21:46:09,41.9889,-88.6868,49.87,58,0,11.5
122,Idil,TR,2023-02-20 21:46:09,37.3411,41.8895,40.93,61,75,6.91
123,Yokadouma,CM,2023-02-20 21:46:10,3.5167,15.05,72.61,29,40,1.39
124,Bambous Virieux,MU,2023-02-20 21:46:11,-20.3428,57.7575,81.21,89,75,23.02
125,Mahon,ES,2023-02-20 21:46:11,39.8885,4.2658,50.56,93,20,0.0
126,Los Llanos De Aridane,ES,2023-02-20 21:46:12,28.6585,-17.9182,60.55,85,100,6.91
127,Kandara,IN,2023-02-20 21:46:13,25.7191,73.2765,68.59,28,83,10.11
128,Sinnamary,GF,2023-02-20 21:46:13,5.3833,-52.95,75.51,88,75,10.51
129,Mananjary,MG,2023-02-20 21:46:13,-21.2167,48.3333,75.06,90,23,5.5
130,Rocha,UY,2023-02-20 21:46:14,-34.4833,-54.3333,69.35,61,50,11.25
131,Varhaug,NO,2023-02-20 21:46:14,58.6147,5.6457,44.47,77,100,29.73
132,Camajuani,CU,2023-02-20 21:47:15,22.4833,-79.75,82.54,57,40,13.8
133,Nanortalik,GL,2023-02-20 21:47:15,60.1432,-45.2371,9.9,76,34,8.34
134,Enterprise,US,2023-02-20 21:46:08,36.0252,-115.2419,69.1,18,20,8.05
135,Adrar,MR,2023-02-20 21:47:16,20.5022,-10.0711,77.04,12,73,9.08
136,Arlit,NE,2023-02-20 21:47:16,18.7369,7.3853,68.77,16,4,7.94
137,Camopi,GF,2023-02-20 21:47:17,3.1655,-52.3158,72.59,98,94,3.04
138,Gogrial,SS,2023-02-20 21:47:17,8.5332,28.1004,80.98,25,83,4.25
139,Dekar,BW,2023-02-20 21:47:18,-21.5333,21.9333,75.16,38,100,6.51
140,Itarema,BR,2023-02-20 21:47:18,-2.9248,-39.9167,79.9,79,63,14.05
141,Surgut,RU,2023-02-20 21:43:11,61.25,73.4167,-6.92,83,20,4.47
142,Andijon,UZ,2023-02-20 21:47:19,40.7821,72.3442,42.08,61,100,4.32
143,Torata,PE,2023-02-20 21:47:19,-17.0769,-70.8433,61.88,78,93,7.45
144,Lipari,IT,2023-02-20 21:47:20,38.4674,14.954,50.32,67,4,2.04
145,Kangaatsiaq,GL,2023-02-20 21:47:20,68.3065,-53.4641,-12.53,95,23,8.55
146,Rio Tercero,AR,2023-02-20 21:47:21,-32.173,-64.1141,79.81,23,81,10.74
147,Saratovskaya,RU,2023-02-20 21:47:21,44.7103,39.2244,31.82,73,10,9.26
148,Dudinka,RU,2023-02-20 21:47:22,69.4058,86.1778,1.62,96,100,9.64
149,Navahrudak,BY,2023-02-20 21:47:22,53.6,25.8333,37.42,78,100,25.84
150,Chuy,UY,2023-02-20 21:47:23,-33.6971,-53.4616,69.85,71,100,10.69
151,Bubaque,GW,2023-02-20 21:47:23,11.2833,-15.8333,74.71,82,30,18.97
152,Rio Gallegos,AR,2023-02-20 21:47:23,-51.6226,-69.2181,69.85,37,0,20.71
153,Cutro,IT,2023-02-20 21:47:24,39.0353,16.9819,50.65,80,3,2.46
154,Vardo,NO,2023-02-20 21:47:24,70.3705,31.1107,15.78,79,100,8.05
155,Patitirion,GR,2023-02-20 21:47:25,39.15,23.8667,55.38,67,1,15.12
156,Ninotsminda,GE,2023-02-20 21:47:25,41.2646,43.5916,23.74,95,100,4.88
157,Santiago Del Estero,AR,2023-02-20 21:47:26,-27.7951,-64.2615,86.77,27,54,6.96
158,Korla,CN,2023-02-20 21:47:26,41.7597,86.1469,32.18,76,52,0.51
159,Strezhevoy,RU,2023-02-20 21:47:27,60.7333,77.5889,-13.13,100,100,5.37
160,Igarka,RU,2023-02-20 21:47:27,67.4667,86.5833,5.14,93,100,7.56
161,Marawi,PH,2023-02-20 21:47:28,7.9986,124.2928,68.54,93,97,1.88
162,Silivri,TR,2023-02-20 21:47:28,41.0802,28.226,41.92,87,4,4.09
163,Paamiut,GL,2023-02-20 21:47:28,61.994,-49.6678,4.71,75,57,15.1
164,Kudahuvadhoo,MV,2023-02-20 21:47:29,2.6708,72.8944,80.2,79,43,11.23
165,San Juan,AR,2023-02-20 21:45:54,-31.5375,-68.5364,88.66,16,5,10.18
166,Kilindoni,TZ,2023-02-20 21:47:30,-7.9139,39.6668,80.58,75,83,9.69
167,Santa Rosa,PH,2023-02-20 21:47:07,14.3122,121.1114,77.09,90,98,7.78
168,Menongue,AO,2023-02-20 21:47:31,-14.6585,17.691,65.55,74,90,4.65
169,Punta Cardon,VE,2023-02-20 21:47:31,11.6581,-70.215,77.92,66,0,24.94
170,Uthal,PK,2023-02-20 21:47:31,25.8072,66.6219,70.2,80,34,3.33
171,Seydisehir,TR,2023-02-20 21:47:32,37.4193,31.8453,35.22,97,80,1.95
172,Piet Retief,ZA,2023-02-20 21:47:32,-27.0071,30.8132,62.8,78,18,5.55
173,Tromso,NO,2023-02-20 21:47:33,69.6496,18.957,23.02,74,0,3.44
174,Belmonte,BR,2023-02-20 21:47:33,-15.8631,-38.8828,77.31,82,99,4.21
175,Moroto,UG,2023-02-20 21:47:34,2.5345,34.6666,69.46,40,60,6.17
176,Kutum,SD,2023-02-20 21:47:34,14.2,24.6667,63.37,19,81,10.02
177,Saint-Augustin,CA,2023-02-20 21:47:35,51.226,-58.6502,32.88,98,100,17.98
178,Vasai,IN,2023-02-20 21:47:35,19.47,72.8,77.09,54,0,4.63
179,Lima,PE,2023-02-20 21:46:05,-12.0432,-77.0282,75.45,73,40,13.8
180,Manali,IN,2023-02-20 21:48:36,13.1667,80.2667,78.08,81,21,5.06
181,Phalia,PK,2023-02-20 21:48:36,32.4297,73.5775,60.4,55,0,7.29
182,Puerto Rico,AR,2023-02-20 21:48:36,-26.796,-55.024,77.94,50,32,4.85
183,Bilma,NE,2023-02-20 21:48:37,18.6853,12.9164,67.57,18,0,8.41
184,Urk,NL,2023-02-20 21:48:37,52.6625,5.6014,48.97,93,87,15.93
185,Monopoli,IT,2023-02-20 21:48:38,40.9559,17.2896,54.72,83,43,6.58
186,Chaman,PK,2023-02-20 21:48:38,30.9236,66.4512,49.48,37,0,1.45
187,Sawakin,SD,2023-02-20 21:48:38,19.1059,37.3321,74.37,83,86,12.44
188,Paramonga,PE,2023-02-20 21:48:39,-10.6667,-77.8333,76.08,83,91,7.18
189,Thul,PK,2023-02-20 21:48:39,28.2403,68.7759,70.7,16,1,9.33
190,Thunder Bay,CA,2023-02-20 21:48:40,48.4001,-89.3168,15.78,79,100,14.97
191,Xambioa,BR,2023-02-20 21:48:40,-6.4111,-48.5364,72.55,94,97,1.68
192,Nsanje,MW,2023-02-20 21:48:40,-16.92,35.262,78.28,80,54,2.82
193,Torres Novas,PT,2023-02-20 21:48:41,39.4811,-8.5395,57.42,84,100,3.83
194,Naryan-Mar,RU,2023-02-20 21:48:41,67.6713,53.087,-10.77,100,72,3.91
195,Atasu,KZ,2023-02-20 21:48:41,48.6814,71.6433,28.51,90,100,12.8
196,Sao Joao Da Barra,BR,2023-02-20 21:48:42,-21.6403,-41.0511,82.49,87,0,10.38
197,Santa Maria,BR,2023-02-20 21:48:42,-29.6842,-53.8069,76.3,65,20,9.22
198,Khandbari,NP,2023-02-20 21:48:43,27.3747,87.2039,58.23,72,56,1.7
199,Mutoko,ZW,2023-02-20 21:48:43,-17.397,32.2268,63.95,74,100,2.55
200,Mamallapuram,IN,2023-02-20 21:48:44,12.6264,80.1722,78.06,65,51,1.12
201,Skjervoy,NO,2023-02-20 21:48:44,70.0311,20.9714,17.6,64,66,10.8
202,Oum Hadjer,TD,2023-02-20 21:48:44,13.2954,19.6966,75.38,12,2,12.12
203,Lapua,FI,2023-02-20 21:48:45,62.9693,23.0088,21.11,91,100,6.58
204,Kulhudhuffushi,MV,2023-02-20 21:48:45,6.6221,73.07,80.28,73,33,7.49
205,Buchanan,LR,2023-02-20 21:48:45,5.8808,-10.0467,79.03,90,4,6.42
206,Kananga,CD,2023-02-20 21:48:46,-5.8958,22.4178,69.13,94,100,2.37
207,Georgetown,MY,2023-02-20 21:46:14,5.4112,100.3354,76.93,94,20,0.0
208,La Sarre,CA,2023-02-20 21:46:08,48.8002,-79.1996,-1.41,89,100,2.75
209,Artyom,AZ,2023-02-20 21:48:47,40.4723,50.333,51.94,79,85,25.41
210,Great Yarmouth,GB,2023-02-20 21:48:47,52.6083,1.7305,50.25,95,10,12.8
211,Black River,JM,2023-02-20 21:48:47,18.0264,-77.8487,80.1,68,49,5.7
212,Quimper,FR,2023-02-20 21:48:48,48.0,-4.1,45.18,93,0,5.75
213,Kuusamo,FI,2023-02-20 21:48:48,65.9667,29.1833,3.24,85,100,5.75
214,Macusani,PE,2023-02-20 21:48:49,-14.0833,-70.4333,42.76,78,96,8.48
215,Marquette,US,2023-02-20 21:48:49,46.5333,-87.6335,25.34,76,100,8.34
216,Ouango,CF,2023-02-20 21:48:49,4.3133,22.5552,78.58,33,98,4.61
217,Laguna,US,2023-02-20 21:48:50,38.421,-121.4238,69.89,38,0,3.0
218,Mihijam,IN,2023-02-20 21:48:50,23.8526,86.8788,66.42,32,0,2.73
219,Caiaponia,BR,2023-02-20 21:48:50,-16.9567,-51.8103,69.62,92,94,3.49
220,Ibra,OM,2023-02-20 21:48:51,22.6906,58.5334,66.7,66,100,3.6
221,Miraflores,MX,2023-02-20 21:48:51,19.2167,-98.8083,77.65,12,57,3.2
222,Maraa,BR,2023-02-20 21:48:52,-1.8333,-65.3667,72.27,99,100,2.77
223,Salalah,OM,2023-02-20 21:48:52,17.0151,54.0924,78.89,18,0,6.91
224,Honningsvag,NO,2023-02-20 21:48:52,70.9821,25.9704,22.75,74,100,9.22
225,Manicore,BR,2023-02-20 21:48:53,-5.8092,-61.3003,71.19,100,100,1.59
226,Saint-Francois,FR,2023-02-20 21:48:53,46.4154,3.9054,48.96,93,0,3.44
227,Abonnema,NG,2023-02-20 21:48:53,4.7084,6.7931,84.49,74,4,7.76
228,Chama,CH,2023-02-20 21:49:54,47.1821,8.4636,48.33,79,20,1.14
229,Sao Miguel Do Araguaia,BR,2023-02-20 21:49:54,-13.275,-50.1628,73.72,91,90,0.67
230,Marzuq,YE,2023-02-20 21:49:55,14.4,46.4667,59.97,28,20,2.62
231,Schwarzenbek,DE,2023-02-20 21:49:55,53.5,10.4833,47.98,99,100,3.0
232,Hun,LY,2023-02-20 21:49:56,29.1268,15.9477,54.1,39,0,4.74
233,Salamanca,ES,2023-02-20 21:49:56,40.8333,-6.0,50.81,74,100,2.98
234,Kupino,RU,2023-02-20 21:49:56,54.3663,77.2981,22.86,95,100,11.81
235,Domoni,KM,2023-02-20 21:49:57,-12.2569,44.5319,79.3,83,100,3.87
236,Asyut,EG,2023-02-20 21:49:57,27.181,31.1837,55.58,52,0,15.64
237,Olafsvik,IS,2023-02-20 21:49:58,64.8945,-23.7142,35.15,72,99,15.3
238,Ambanja,MG,2023-02-20 21:49:58,-13.6833,48.45,75.07,91,100,3.2
239,Nuuk,GL,2023-02-20 21:47:05,64.1835,-51.7216,12.81,48,75,9.22
240,Cradock,ZA,2023-02-20 21:49:59,-32.1642,25.6192,61.66,62,41,13.29
241,Vadinsk,RU,2023-02-20 21:49:59,53.6916,43.0574,10.08,100,92,3.51
242,Yar-Sale,RU,2023-02-20 21:50:00,66.8333,70.8333,-10.79,97,60,6.62
243,Bonthe,SL,2023-02-20 21:50:00,7.5264,-12.505,76.55,87,0,6.13
244,Kytmanovo,RU,2023-02-20 21:50:00,53.4593,85.4479,15.78,95,100,4.68
245,Turayf,SA,2023-02-20 21:50:01,31.6725,38.6637,50.25,37,0,9.22
246,Kasongo-Lunda,CD,2023-02-20 21:50:01,-6.4667,16.8167,67.75,92,76,2.46
247,Santa Cruz De Tenerife,ES,2023-02-20 21:50:02,28.4682,-16.2546,65.62,89,75,14.97
248,Longyearbyen,SJ,2023-02-20 21:50:02,78.2186,15.6401,6.64,72,75,11.5
249,Sabzevar,IR,2023-02-20 21:50:03,36.2126,57.6819,43.5,49,0,1.72
250,Grindavik,IS,2023-02-20 21:50:03,63.8424,-22.4338,32.47,86,75,8.05
251,Ust-Tsilma,RU,2023-02-20 21:50:04,65.441,52.1498,-18.54,100,100,1.57
252,Zomba,MW,2023-02-20 21:50:04,-15.386,35.3188,68.05,91,26,1.19
253,Saint Anthony,US,2023-02-20 21:50:05,45.0205,-93.218,36.54,82,100,14.97
254,Adre,TD,2023-02-20 21:50:06,13.4667,22.2,70.97,16,9,16.46
255,Port-Cartier,CA,2023-02-20 21:50:06,50.0334,-66.8654,32.22,99,100,6.53
256,Mantua,IT,2023-02-20 21:50:07,45.1667,10.7833,46.09,82,77,1.23
257,Maxixe,MZ,2023-02-20 21:50:08,-23.8597,35.3472,80.91,81,99,9.98
258,Angoche,MZ,2023-02-20 21:50:08,-16.2325,39.9086,78.78,91,3,8.46
259,Obo,CF,2023-02-20 21:50:09,5.3998,26.4869,75.18,28,93,5.41
260,Kidal,ML,2023-02-20 21:50:09,18.4411,1.4078,71.47,12,30,10.76
261,Siemiatycze,PL,2023-02-20 21:50:09,52.4272,22.8623,42.66,76,99,26.37
262,Futog,RS,2023-02-20 21:50:10,45.2419,19.707,50.25,66,80,6.22
263,Areia Branca,BR,2023-02-20 21:50:10,-4.9561,-37.1369,80.8,89,100,14.07
264,Akureyri,IS,2023-02-20 21:50:11,65.6835,-18.0878,31.93,64,20,12.66
265,Garbolovo,RU,2023-02-20 21:50:11,60.3413,30.4955,14.23,93,100,8.88
266,Westport,US,2023-02-20 21:45:32,41.1415,-73.3579,60.3,49,56,1.99
267,Mungaa,TZ,2023-02-20 21:50:12,-4.9667,34.8833,68.02,57,100,8.21
268,Curumani,CO,2023-02-20 21:50:13,9.1999,-73.5427,92.35,32,5,6.71
269,Sharjah,AE,2023-02-20 21:45:19,25.3573,55.4033,67.98,68,20,10.36
270,Kalemie,CD,2023-02-20 21:50:14,-5.9475,29.1947,70.99,82,100,3.71
271,Moyale,KE,2023-02-20 21:50:14,3.5167,39.0584,69.33,27,88,8.75
272,Kralendijk,BQ,2023-02-20 21:51:15,12.15,-68.2667,82.38,57,40,18.41
273,Warrington,GB,2023-02-20 21:51:16,53.3925,-2.5802,52.45,82,75,8.05
274,Havoysund,NO,2023-02-20 21:51:16,70.9963,24.6622,23.23,82,62,6.96
275,Arrifes,PT,2023-02-20 21:51:17,37.7667,-25.7,50.25,82,20,2.3
276,Isiro,CD,2023-02-20 21:51:17,2.7739,27.616,73.38,39,89,2.89
277,Meulaboh,ID,2023-02-20 21:51:19,4.1363,96.1285,75.36,88,87,4.83
278,Narbonne,FR,2023-02-20 21:51:19,43.0833,2.8333,49.03,80,28,1.45
279,Perry,US,2023-02-20 21:51:20,37.2506,-83.1999,51.98,89,100,9.26
280,Touros,BR,2023-02-20 21:48:07,-5.1989,-35.4608,80.8,75,100,14.32
281,Tucuman,AR,2023-02-20 21:51:20,-26.8241,-65.2226,84.2,48,0,11.5
282,Saurimo,AO,2023-02-20 21:51:21,-9.6608,20.3916,64.65,88,100,3.24
283,Camacha,PT,2023-02-20 21:51:22,33.0833,-16.3333,58.42,77,40,9.22
284,Fuerte Olimpo,PY,2023-02-20 21:51:22,-21.0415,-57.8738,80.2,73,44,5.77
285,Moussoro,TD,2023-02-20 21:51:23,13.6408,16.4901,72.84,13,0,15.19
286,Brae,GB,2023-02-20 21:51:23,60.3964,-1.353,43.72,69,46,26.57
287,Sabang,ID,2023-02-20 21:51:24,5.8933,95.3214,81.48,72,100,10.98
288,Juybar,IR,2023-02-20 21:51:24,36.6412,52.9124,52.09,44,0,6.22
289,Saint-Georges,GD,2023-02-20 21:51:25,12.0564,-61.7485,80.28,69,20,14.97
290,Bibiani,GH,2023-02-20 21:51:25,6.4635,-2.3194,76.21,43,55,2.64
291,Blagoyevo,RU,2023-02-20 21:51:26,63.3667,47.9167,-8.77,100,98,3.36
292,Oranjemund,NA,2023-02-20 21:51:26,-28.55,16.4333,65.17,89,12,5.41
293,Alvaraes,BR,2023-02-20 21:51:27,-3.2208,-64.8042,75.07,98,100,2.13
294,Ziarat,PK,2023-02-20 21:51:27,30.3823,67.7282,36.7,43,0,8.75
295,Mendoza,AR,2023-02-20 21:50:26,-32.8908,-68.8272,85.53,21,20,8.05
296,Coquimbo,CL,2023-02-20 21:51:28,-29.9533,-71.3436,67.73,72,0,12.66
297,Keti Bandar,PK,2023-02-20 21:51:28,24.1447,67.4497,72.37,84,75,13.76
298,Butterworth,MY,2023-02-20 21:51:29,5.3991,100.3638,77.04,94,20,0.0
299,Hobyo,SO,2023-02-20 21:51:29,5.3505,48.5268,75.4,73,44,19.26
300,Luderitz,NA,2023-02-20 21:51:30,-26.6481,15.1594,63.73,79,6,4.92
301,Hamilton,US,2023-02-20 21:51:30,39.1834,-84.5333,60.75,53,75,9.22
302,Vicuna,CL,2023-02-20 21:51:31,-30.0319,-70.7081,85.77,40,100,7.34
303,Pathalgaon,IN,2023-02-20 21:51:31,22.5667,83.4667,62.92,28,0,2.84
304,Mahanje,TZ,2023-02-20 21:51:32,-9.9333,35.3333,64.63,97,87,2.73
305,Roald,NO,2023-02-20 21:51:32,62.5833,6.1333,44.76,81,75,14.97
306,Selma,US,2023-02-20 21:51:32,36.5708,-119.6121,69.22,32,0,0.0
307,Ulagan,RU,2023-02-20 21:51:33,50.6321,87.9563,4.26,92,99,2.19
308,Trapani,IT,2023-02-20 21:51:34,37.8333,12.6667,46.49,87,0,5.75
309,Jumla,NP,2023-02-20 21:51:34,29.2747,82.1838,42.04,66,15,3.53
310,Goderich,CA,2023-02-20 21:51:35,43.7501,-81.7165,32.32,69,99,10.36
311,Atbasar,KZ,2023-02-20 21:48:38,51.8,68.3333,30.13,93,100,13.27
312,Bauchi,NG,2023-02-20 21:51:35,10.5,10.0,70.3,23,0,6.2
313,Harper,LR,2023-02-20 21:51:35,4.375,-7.7169,80.13,86,47,6.96
314,Pangnirtung,CA,2023-02-20 21:51:36,66.1451,-65.7125,-22.0,57,100,0.0
315,Skelleftea,SE,2023-02-20 21:51:36,64.7507,20.9528,26.01,100,75,6.91
316,Coloso,CO,2023-02-20 21:51:37,9.4915,-75.3615,85.71,47,4,11.39
317,Ostrovnoy,RU,2023-02-20 21:51:37,68.0531,39.5131,4.48,96,18,11.65
318,Mitu,CO,2023-02-20 21:52:38,1.1983,-70.1733,79.57,79,75,2.98
319,Najran,SA,2023-02-20 21:48:32,17.4924,44.1277,57.85,26,32,2.01
320,Karatau,KZ,2023-02-20 21:52:38,43.1667,70.4667,38.37,77,100,6.17
321,Krasnyy Yar,RU,2023-02-20 21:52:39,46.5331,48.3456,33.73,97,100,15.55
322,Boden,SE,2023-02-20 21:52:39,65.8252,21.6886,19.4,97,99,4.34
323,Uyuni,BO,2023-02-20 21:52:39,-20.4597,-66.825,61.03,13,36,10.45
324,Katyuzhanka,UA,2023-02-20 21:52:40,50.806,30.1376,36.46,97,100,20.31
325,Humberto De Campos,BR,2023-02-20 21:52:40,-2.5983,-43.4611,76.1,90,98,4.72
326,Cap-Aux-Meules,CA,2023-02-20 21:52:41,47.3821,-61.8597,39.25,100,100,18.41
327,Barcelos,PT,2023-02-20 21:52:41,41.5388,-8.6151,58.84,88,99,1.43
328,Salamiyah,SY,2023-02-20 21:52:41,35.0113,37.0532,45.12,71,0,6.2
329,Bukama,CD,2023-02-20 21:52:42,-9.2,25.85,69.37,95,100,2.71
330,Tiznit,MA,2023-02-20 21:52:42,29.5833,-9.5,63.59,41,15,9.42
331,Ati,TD,2023-02-20 21:52:43,13.2154,18.3353,72.59,13,0,11.3
332,Santa Cruz,BO,2023-02-20 21:52:43,-17.8,-63.1667,84.25,39,2,3.44
333,Rosetta,EG,2023-02-20 21:52:43,31.4044,30.4164,60.51,57,56,10.83
334,Bealanana,MG,2023-02-20 21:52:44,-14.55,48.7333,63.28,97,100,1.83
335,Ancud,CL,2023-02-20 21:52:44,-41.8697,-73.8203,59.36,66,1,4.29
336,Cockburn Town,TC,2023-02-20 21:52:45,21.4612,-71.1419,78.76,57,20,11.5
337,Vila Franca Do Campo,PT,2023-02-20 21:52:45,37.7167,-25.4333,52.21,83,79,2.66
338,Lagoa,PT,2023-02-20 21:52:45,39.05,-27.9833,59.0,77,100,11.34
339,Altamira,BR,2023-02-20 21:52:46,-3.2033,-52.2064,84.29,74,40,0.0
340,Shorapani,GE,2023-02-20 21:52:46,42.0898,43.0866,38.75,100,100,12.33
341,Carndonagh,IE,2023-02-20 21:52:46,55.25,-7.2667,53.26,94,100,8.95
342,Kadoma,JP,2023-02-20 21:52:47,34.7333,135.5833,39.18,66,10,8.05
343,Russkaya Polyana,UA,2023-02-20 21:52:47,49.417,31.9201,33.48,97,100,22.3
344,Sesheke,ZM,2023-02-20 21:52:48,-17.4759,24.2968,68.68,65,99,7.09
345,Sakakah,SA,2023-02-20 21:52:48,29.9697,40.2064,60.37,32,4,6.69
346,Sereflikochisar,TR,2023-02-20 21:52:48,38.9393,33.5386,37.53,77,16,8.84
347,Ginda,IN,2023-02-20 21:52:49,30.6945,78.4932,52.36,35,100,6.93
348,Digapahandi,IN,2023-02-20 21:52:49,19.3667,84.5833,69.57,83,0,2.75
349,Mahibadhoo,MV,2023-02-20 21:52:50,3.7833,72.9667,80.2,79,33,11.72
350,Nioki,CD,2023-02-20 21:52:50,-2.7167,17.6833,77.65,61,98,4.88
351,Bafoulabe,ML,2023-02-20 21:52:50,13.8065,-10.8321,88.02,10,8,6.4
352,Ormara,PK,2023-02-20 21:52:51,25.2088,64.6357,72.36,83,23,12.15
353,Severnyy,RU,2023-02-20 21:52:51,50.677,36.5532,30.24,74,40,8.99
354,Rodrigues Alves,BR,2023-02-20 21:52:52,-7.738,-72.6509,82.6,72,79,1.9
355,Chapleau,CA,2023-02-20 21:52:52,47.8405,-83.4034,10.49,37,20,4.61
356,Guajara,BR,2023-02-20 21:52:53,-2.9667,-57.6667,73.18,98,100,0.25
357,Iisalmi,FI,2023-02-20 21:52:53,63.5592,27.1907,11.39,94,100,7.27
358,Baghdad,IQ,2023-02-20 21:51:25,33.3406,44.4009,49.91,66,27,3.44
359,Atar,MR,2023-02-20 21:52:53,20.5169,-13.0499,80.58,17,99,6.04
360,Thompson,CA,2023-02-20 21:47:58,55.7435,-97.8558,-3.84,59,0,11.5
361,Varzea Da Palma,BR,2023-02-20 21:52:54,-17.5981,-44.7308,76.05,53,43,4.72
362,Aasiaat,GL,2023-02-20 21:52:54,68.7098,-52.8699,-16.49,96,69,4.68
363,Kadom,RU,2023-02-20 21:52:55,54.5592,42.4675,0.63,100,94,2.82
364,Zaraza,VE,2023-02-20 21:52:55,9.3503,-65.3245,81.19,49,79,12.3
365,Saulkrasti,LV,2023-02-20 21:52:56,57.2622,24.4147,35.55,89,100,23.2
366,Biltine,TD,2023-02-20 21:53:56,14.5333,20.9167,74.07,14,2,14.72
367,Ponta Delgada,PT,2023-02-20 21:53:56,37.7333,-25.6667,52.52,82,20,2.3
368,Matveyevka,RU,2023-02-20 21:53:57,52.15,56.1833,13.75,96,100,6.67
369,Beloha,MG,2023-02-20 21:53:57,-25.1667,45.05,78.66,71,23,3.96
370,Olinda,BR,2023-02-20 21:53:58,-8.0089,-34.8553,83.93,61,40,6.91
371,Pell City,US,2023-02-20 21:53:59,33.5862,-86.2861,69.98,71,0,12.66
372,Neos Marmaras,GR,2023-02-20 21:53:59,40.1,23.7833,55.38,60,5,6.35
373,Barcelona,ES,2023-02-20 21:49:50,41.3888,2.159,56.14,86,20,4.61
374,Carballo,ES,2023-02-20 21:54:00,43.213,-8.691,59.52,73,100,4.74
375,Trincomalee,LK,2023-02-20 21:54:00,8.5711,81.2335,78.26,76,76,9.6
376,Kimparana,ML,2023-02-20 21:54:01,12.8347,-4.9244,81.81,10,0,8.61
377,Colares,PT,2023-02-20 21:52:56,38.7992,-9.4469,59.32,74,62,8.01
378,Trelew,AR,2023-02-20 21:49:21,-43.249,-65.3051,73.24,35,100,22.7
379,Port-Gentil,GA,2023-02-20 21:54:01,-0.7193,8.7815,82.36,89,20,6.91
380,Igbo Ora,NG,2023-02-20 21:54:02,7.4333,3.2833,79.75,61,41,2.55
381,Boquete,PA,2023-02-20 21:54:03,8.7833,-82.4333,83.8,55,35,8.41
382,Parita,PA,2023-02-20 21:54:03,8.0,-80.5167,87.31,44,8,21.0
383,Sao Joao Do Piaui,BR,2023-02-20 21:54:03,-8.3581,-42.2467,72.84,88,100,5.48
384,Barra Do Garcas,BR,2023-02-20 21:54:04,-15.89,-52.2567,77.58,94,75,0.0
385,Kilinochchi,LK,2023-02-20 21:54:04,9.3961,80.3982,73.45,83,100,6.49
386,Itacoatiara,BR,2023-02-20 21:54:05,-3.1431,-58.4442,73.51,96,99,2.24
387,George Town,MY,2023-02-20 21:50:22,5.4112,100.3354,76.93,94,20,0.0
388,Iranshahr,IR,2023-02-20 21:49:49,27.2025,60.6848,59.34,41,0,4.61
389,Kostomuksha,RU,2023-02-20 21:54:06,64.571,30.5767,-9.02,100,98,3.4
390,Mizdah,LY,2023-02-20 21:54:06,31.4451,12.9801,53.55,38,0,6.17
391,Cravo Norte,CO,2023-02-20 21:54:07,6.3017,-70.2041,93.92,25,79,9.31
392,Salinopolis,BR,2023-02-20 21:54:07,-0.6136,-47.3561,78.42,84,43,8.66
393,Alta Floresta,BR,2023-02-20 21:54:08,-9.8756,-56.0861,70.16,99,100,2.53
394,Sao Jose Da Coroa Grande,BR,2023-02-20 21:54:08,-8.8978,-35.1478,79.83,73,100,8.05
395,Albany,US,2023-02-20 21:50:33,42.6001,-73.9662,50.41,53,42,9.51
396,Sambava,MG,2023-02-20 21:54:09,-14.2667,50.1667,75.38,90,100,5.66
397,Begamganj,IN,2023-02-20 21:54:09,23.6,78.3333,68.38,21,1,4.16
398,Morondava,MG,2023-02-20 21:54:10,-20.2833,44.2833,81.28,80,57,4.12
399,Japura,ID,2023-02-20 21:54:11,-0.3167,102.35,71.96,98,92,1.95
400,Shache,CN,2023-02-20 21:54:11,38.4167,77.2406,31.51,49,69,1.68
401,Stokmarknes,NO,2023-02-20 21:54:12,68.5646,14.9108,28.36,68,46,8.05
402,The Valley,AI,2023-02-20 21:54:12,18.217,-63.0578,78.94,61,20,13.8
403,Grand Gaube,MU,2023-02-20 21:54:12,-20.0064,57.6608,81.37,78,100,11.99
404,Bosanska Gradiska,BA,2023-02-20 21:54:13,45.1411,17.25,43.05,83,86,1.83
405,Alcala De Henares,ES,2023-02-20 21:54:13,40.4821,-3.36,59.23,44,0,5.75
406,Bage,BR,2023-02-20 21:54:14,-31.3314,-54.1069,80.38,54,20,12.66
407,Wilmington,US,2023-02-20 21:50:36,34.2257,-77.9447,68.92,54,100,4.0
408,Puerto Madryn,AR,2023-02-20 21:54:14,-42.7692,-65.0385,69.62,49,100,23.85
409,Antofagasta,CL,2023-02-20 21:54:15,-23.65,-70.4,74.48,79,92,8.7
410,Richards Bay,ZA,2023-02-20 21:54:15,-28.783,32.0377,79.03,73,21,6.06
411,Areosa,PT,2023-02-20 21:54:16,41.7178,-8.8571,55.42,84,99,2.42
412,Itambacuri,BR,2023-02-20 21:55:17,-18.0311,-41.685,71.06,94,49,3.91
413,Maun,BW,2023-02-20 21:55:17,-19.9833,23.4167,67.96,83,0,3.44
414,Kanye,BW,2023-02-20 21:55:18,-24.9667,25.3327,64.65,51,27,2.91
415,Mugur-Aksy,RU,2023-02-20 21:55:18,50.35,90.5,0.27,83,99,5.84
416,Itacurubi Del Rosario,PY,2023-02-20 21:55:18,-24.5,-56.6833,73.71,89,5,6.67
417,Cremona,IT,2023-02-20 21:55:19,45.2333,9.9333,48.11,92,98,2.13
418,Fort Myers,US,2023-02-20 21:55:09,26.6217,-81.8406,82.38,74,0,13.8
419,Methoni,GR,2023-02-20 21:55:20,36.8197,21.7049,55.22,75,0,4.83
420,Arkhipo-Osipovka,RU,2023-02-20 21:55:20,44.37,38.52,37.35,64,39,9.13
421,Rutana,BI,2023-02-20 21:55:20,-3.8667,30.1,58.08,90,91,3.27
422,Mirador,BR,2023-02-20 21:55:21,-6.3708,-44.3631,73.87,95,100,1.54
423,Rusape,ZW,2023-02-20 21:55:21,-18.5278,32.1284,61.3,79,100,4.52
424,Axim,GH,2023-02-20 21:55:22,4.8699,-2.2405,79.75,86,83,8.32
425,Karoi,ZW,2023-02-20 21:55:22,-16.8099,29.6925,65.32,83,100,3.44
426,Semme,FR,2023-02-20 21:55:23,46.1963,1.5007,54.01,76,35,4.12
427,Murmashi,RU,2023-02-20 21:55:23,68.8154,32.8115,-4.59,83,0,0.0
428,Severodvinsk,RU,2023-02-20 21:55:23,64.5635,39.8302,-1.89,99,24,6.26
429,Ghanzi,BW,2023-02-20 21:55:24,-21.5667,21.7833,75.02,36,100,7.45
430,San Cristobal,VE,2023-02-20 21:55:24,7.7669,-72.225,77.18,55,75,2.62
431,Libertador General San Martin,AR,2023-02-20 21:55:25,-23.8064,-64.7876,84.97,34,28,5.17
432,Masunga,BW,2023-02-20 21:55:25,-20.6246,27.4488,66.22,90,16,13.31
433,Umm Lajj,SA,2023-02-20 21:55:26,25.0213,37.2685,70.57,65,59,3.06
434,Ciudad Guayana,VE,2023-02-20 21:55:26,8.3533,-62.6528,76.51,84,90,4.5
435,Straumen,NO,2023-02-20 21:55:27,63.8709,11.2999,33.8,92,99,9.22
436,Helena,US,2023-02-20 21:50:29,46.5927,-112.0361,44.62,68,40,11.99
437,Kalach-Na-Donu,RU,2023-02-20 21:55:28,48.691,43.5264,23.74,92,67,13.56
438,Morant Bay,JM,2023-02-20 21:55:28,17.8815,-76.4093,83.71,74,58,10.58
439,Staritsa,RU,2023-02-20 21:55:28,56.5075,34.9354,9.52,98,100,5.41
440,Otjimbingwe,NA,2023-02-20 21:55:29,-22.35,16.1333,64.74,53,0,4.7
441,Nyrob,RU,2023-02-20 21:55:30,60.733,56.7202,-10.19,99,39,3.62
442,Kuito,AO,2023-02-20 21:55:30,-12.3833,16.9333,61.21,86,100,3.36
443,Salta,AR,2023-02-20 21:51:50,-24.7859,-65.4117,77.59,45,40,8.05
444,Mgandu,TZ,2023-02-20 21:55:31,-5.95,34.1333,65.64,70,99,5.32
445,Puerto Ayacucho,VE,2023-02-20 21:55:31,5.6639,-67.6236,89.96,35,100,9.31
446,San Lorenzo,PY,2023-02-20 21:53:26,-25.3333,-57.5333,86.94,48,20,9.22
447,Kalmunai,LK,2023-02-20 21:55:32,7.4167,81.8167,76.8,82,77,8.68
448,Sergeyevka,KZ,2023-02-20 21:55:33,53.88,67.4158,29.07,96,100,10.0
449,Iquitos,PE,2023-02-20 21:55:33,-3.7481,-73.2472,82.44,83,75,4.61
450,Coruripe,BR,2023-02-20 21:55:33,-10.1256,-36.1756,80.04,74,100,10.4
451,Nizhniy Baskunchak,RU,2023-02-20 21:55:34,48.2198,46.8311,26.33,93,99,10.56
452,Boa Vista,BR,2023-02-20 21:55:34,2.8197,-60.6733,85.98,48,75,6.91
453,Quelimane,MZ,2023-02-20 21:55:35,-17.8786,36.8883,84.15,89,40,6.91
454,Namibe,AO,2023-02-20 21:55:35,-15.1961,12.1522,70.09,65,17,8.14
455,Coihaique,CL,2023-02-20 21:53:41,-45.5752,-72.0662,60.75,48,100,6.91
456,General Roca,AR,2023-02-20 21:55:35,-39.0333,-67.5833,89.62,16,22,14.18
457,Mitsamiouli,KM,2023-02-20 21:55:36,-11.3847,43.2844,81.68,77,99,5.26
458,Freeport,US,2023-02-20 21:52:47,40.6576,-73.5832,62.58,55,0,14.97
459,Yanam,IN,2023-02-20 21:56:37,16.7333,82.2167,67.68,95,4,1.41
460,Labrea,BR,2023-02-20 21:56:37,-7.2586,-64.7981,75.43,92,100,2.59
461,Florence,IT,2023-02-20 21:55:10,43.7667,11.25,53.55,89,0,5.75
462,Gafanha Da Encarnacao,PT,2023-02-20 21:56:38,40.6181,-8.733,57.06,84,67,4.7
463,Nowy Dwor Gdanski,PL,2023-02-20 21:56:38,54.2131,19.1177,46.15,74,97,26.64
464,Kinel-Cherkassy,RU,2023-02-20 21:56:39,53.4706,51.4743,16.3,96,100,6.93
465,Mukerian,IN,2023-02-20 21:56:39,31.9506,75.6158,62.06,54,58,7.18
466,Kampene,CD,2023-02-20 21:56:39,-3.6,26.6667,69.66,98,100,1.81
467,Dombarovskiy,RU,2023-02-20 21:56:40,50.7587,59.5386,18.27,96,94,7.81
468,Lerwick,GB,2023-02-20 21:56:40,60.1545,-1.1494,46.4,71,32,26.33
469,Lynchburg,US,2023-02-20 21:53:31,37.4138,-79.1423,59.2,63,100,5.93
470,La Baule-Escoublac,FR,2023-02-20 21:56:42,47.2922,-2.364,45.82,95,95,5.75
471,Avanigadda,IN,2023-02-20 21:56:42,16.0215,80.9181,70.56,84,0,0.51
472,Saint-Louis,SN,2023-02-20 21:56:43,16.3333,-15.0,85.64,11,73,9.31
473,Mocuba,MZ,2023-02-20 21:56:43,-16.8392,36.9856,77.9,82,97,2.42
474,Nanga Eboko,CM,2023-02-20 21:56:43,4.6833,12.3667,71.71,29,13,1.21
475,Tuntum,BR,2023-02-20 21:56:44,-5.2581,-44.6489,73.53,93,100,3.18
476,Ndola,ZM,2023-02-20 21:56:44,-12.9587,28.6366,60.78,94,50,1.16
477,Constitucion,CL,2023-02-20 21:56:45,-35.3333,-72.4167,67.57,58,6,15.48
478,Turbat,PK,2023-02-20 21:56:45,26.0023,63.044,74.46,26,72,9.86
479,Maharajganj,IN,2023-02-20 21:56:45,27.1333,83.5667,62.06,67,32,2.53
480,Kattivakkam,IN,2023-02-20 21:56:46,13.2167,80.3167,78.08,81,14,4.92
481,Ardakan,IR,2023-02-20 21:56:46,32.31,54.0175,50.18,31,0,2.59
482,San Vicente De Canete,PE,2023-02-20 21:55:03,-13.0751,-76.3835,77.52,76,58,6.76
483,Flekkefjord,NO,2023-02-20 21:56:47,58.2971,6.6607,42.94,82,88,26.26
484,Sainte-Marie,RE,2023-02-20 21:56:48,-20.8968,55.5496,84.36,85,100,24.16
485,Vestmanna,FO,2023-02-20 21:56:48,62.1564,-7.1664,40.12,65,75,12.66
486,Khunti,IN,2023-02-20 21:56:48,23.0833,85.2833,66.31,33,0,4.9
487,Uyo,NG,2023-02-20 21:56:49,5.0333,7.9266,79.74,79,1,4.14
488,Storforshei,NO,2023-02-20 21:56:49,66.4043,14.5233,13.78,92,20,1.14
489,Mahalingpur,IN,2023-02-20 21:56:50,16.3833,75.1167,71.94,37,0,4.63
490,Mango,US,2023-02-20 21:54:33,27.9797,-82.3065,78.3,72,0,6.91
491,Falkenberg,SE,2023-02-20 21:56:50,56.9055,12.4912,41.25,96,100,25.66
492,Sistranda,NO,2023-02-20 21:56:50,63.7256,8.834,31.96,68,76,28.7
493,Dharchula,IN,2023-02-20 21:56:51,29.85,80.5333,56.28,43,73,5.93
494,Kaupanger,NO,2023-02-20 21:56:51,61.1845,7.2404,33.6,99,92,3.11
495,Kayes,ML,2023-02-20 21:56:52,14.0,-11.0,88.09,10,6,8.28
496,Mao,ES,2023-02-20 21:54:06,39.8885,4.2658,50.56,93,20,0.0
497,La Cumbre,AR,2023-02-20 21:56:52,-30.982,-64.4914,76.46,40,14,9.95
498,Chulumani,BO,2023-02-20 21:56:53,-16.4096,-67.5263,68.67,79,100,3.62
499,San Andres,CO,2023-02-20 21:56:53,12.5847,-81.7006,84.22,70,40,16.11
500,Shymkent,KZ,2023-02-20 21:56:53,42.3,69.6,43.39,76,100,6.71
501,Mega,ET,2023-02-20 21:56:54,4.05,38.3,62.74,28,50,11.61
502,Sioux Lookout,CA,2023-02-20 21:54:30,50.1001,-91.917,8.67,56,100,6.91
503,Bandundu,CD,2023-02-20 21:56:54,-3.3167,17.3667,77.05,68,87,4.41
504,Sekoma,BW,2023-02-20 21:56:55,-24.4,23.8833,70.38,32,1,7.14
505,Minas,UY,2023-02-20 21:57:55,-34.3759,-55.2377,73.9,38,9,16.67
506,Fort-Shevchenko,KZ,2023-02-20 21:57:56,44.5086,50.263,39.79,79,100,10.18
507,Bournemouth,GB,2023-02-20 21:54:30,50.7205,-1.8795,48.42,93,100,3.44
508,Emborion,GR,2023-02-20 21:57:56,40.4833,21.55,42.89,70,2,2.21
509,Beyneu,KZ,2023-02-20 21:57:57,45.3167,55.2,39.16,69,56,18.32
510,Conceicao Do Araguaia,BR,2023-02-20 21:57:57,-8.2578,-49.2647,73.24,89,85,3.13
511,Turukhansk,RU,2023-02-20 21:57:58,65.8167,87.9833,7.09,96,100,6.98
512,Lesnoy,RU,2023-02-20 21:57:58,57.6198,63.0784,5.61,97,98,4.18
513,Diplo,PK,2023-02-20 21:57:59,24.4667,69.584,67.48,87,59,11.59
514,Zverinogolovskoye,RU,2023-02-20 21:57:59,54.4586,64.8542,11.66,98,100,1.72
515,Srikakulam,IN,2023-02-20 21:53:39,18.3,83.9,71.35,92,0,5.3
516,Bunia,CD,2023-02-20 21:57:59,1.5667,30.25,73.44,30,97,2.35
517,Thohoyandou,ZA,2023-02-20 21:58:00,-22.9456,30.485,72.84,72,97,3.98
518,Pizarro,CO,2023-02-20 21:58:00,4.9533,-77.366,80.26,83,85,2.75
519,Hare Bay,CA,2023-02-20 21:58:01,48.8499,-54.0148,31.35,86,100,17.45
520,Firminopolis,BR,2023-02-20 21:58:01,-16.5819,-50.305,69.98,91,62,3.42
521,Kjopsvik,NO,2023-02-20 21:58:01,68.097,16.3742,22.87,78,66,8.59
522,Pisco,PE,2023-02-20 21:58:02,-13.7,-76.2167,77.05,73,0,6.91
523,Quebo,GW,2023-02-20 21:58:03,11.3333,-14.9333,71.74,85,32,3.78
524,Berlevag,NO,2023-02-20 21:58:03,70.8578,29.0864,13.95,73,0,4.61
525,Upata,VE,2023-02-20 21:58:04,8.0086,-62.3989,73.18,86,93,3.49
526,Manzil Kamil,TN,2023-02-20 21:58:05,35.6248,10.6673,56.64,100,1,2.3
527,Karasjok,NO,2023-02-20 21:58:05,69.4719,25.5112,2.64,100,99,2.01
528,Newnan,US,2023-02-20 21:53:54,33.3807,-84.7997,75.4,58,0,10.0
529,Jamsa,FI,2023-02-20 21:58:06,61.8642,25.19,20.71,93,100,8.93
530,Sarande,AL,2023-02-20 21:57:21,39.8756,20.0053,57.76,68,10,3.04
531,La Peca,PE,2023-02-20 21:58:07,-5.6111,-78.435,81.97,56,100,5.32
532,Ordzhonikidze,KZ,2023-02-20 21:58:07,52.4411,61.7408,1.22,100,99,6.6
533,Praia Da Vitoria,PT,2023-02-20 21:58:07,38.7333,-27.0667,59.76,77,20,8.28
534,Iskele,TR,2023-02-20 21:58:08,39.484,26.9278,50.58,73,3,7.67
535,Ustek,CZ,2023-02-20 21:58:08,50.5847,14.3433,50.77,78,100,15.64
536,Pervomayskoye,RU,2023-02-20 21:58:09,43.919,46.7102,36.14,94,100,18.72
537,Chhatarpur,IN,2023-02-20 21:58:10,24.9,79.6,68.76,21,3,6.51
538,Vila Velha,BR,2023-02-20 21:58:10,-20.3297,-40.2925,80.55,86,20,5.75
539,Mpulungu,ZM,2023-02-20 21:58:11,-8.7623,31.1141,72.61,84,100,5.06
540,Gravdal,NO,2023-02-20 21:58:11,68.1214,13.5031,21.09,93,0,2.3
541,Maunabo,PR,2023-02-20 21:58:12,18.0072,-65.8993,78.71,81,10,13.42
542,Gospic,HR,2023-02-20 21:58:12,44.5461,15.3747,35.29,91,86,2.64
543,Kaabong,UG,2023-02-20 21:58:13,3.4836,34.1492,67.26,35,44,8.14
544,Hammerfest,NO,2023-02-20 21:58:14,70.6634,23.6821,16.25,79,0,3.44
545,Tambura,SS,2023-02-20 21:58:14,5.6,27.4667,74.91,30,50,4.94
546,Marondera,ZW,2023-02-20 21:58:15,-18.1853,31.5519,60.85,73,100,6.33
547,Talcahuano,CL,2023-02-20 21:58:16,-36.7167,-73.1167,69.48,49,0,17.27
548,Stepnyak,KZ,2023-02-20 21:58:16,52.8339,70.7803,27.61,94,98,10.07
549,Scarborough,GB,2023-02-20 21:55:06,54.2797,-0.4044,51.37,87,64,8.01
550,Oriximina,BR,2023-02-20 21:59:17,-1.7656,-55.8661,73.4,98,99,4.16
551,Cochrane,CA,2023-02-20 21:59:17,51.1834,-114.4687,26.87,78,100,14.97
552,Pompeu,BR,2023-02-20 21:59:18,-19.2244,-44.9353,68.2,89,93,4.54
553,Redcar,GB,2023-02-20 21:59:18,54.6166,-1.06,51.84,66,86,5.01
554,Uyemskiy,RU,2023-02-20 21:59:18,64.4743,40.8524,-1.95,84,0,6.71
555,Lethem,GY,2023-02-20 21:59:19,3.3803,-59.7968,88.7,34,89,9.08
556,Ambilobe,MG,2023-02-20 21:59:19,-13.2,49.05,73.35,94,85,1.5
557,Upington,ZA,2023-02-20 21:59:20,-28.4478,21.2561,70.18,40,0,12.66
558,Giyani,ZA,2023-02-20 21:59:20,-23.3025,30.7187,75.6,69,99,4.92
559,Presidencia Roque Saenz Pena,AR,2023-02-20 21:59:20,-26.7852,-60.4388,87.37,23,10,5.37
560,Parabel,RU,2023-02-20 21:59:21,58.6978,81.4825,-4.85,100,86,5.7
561,Aquiraz,BR,2023-02-20 21:59:21,-3.9014,-38.3911,81.18,80,100,11.77
562,Porosozero,RU,2023-02-20 21:59:21,62.7191,32.727,6.57,96,100,7.9
563,Blind River,CA,2023-02-20 21:59:22,46.1834,-82.9582,21.31,54,40,2.01
564,Soyo,AO,2023-02-20 21:59:22,-6.1349,12.3689,79.07,86,99,7.65
565,Piacenza,IT,2023-02-20 21:59:23,45.0468,9.6994,48.06,92,77,1.97
566,Paidha,UG,2023-02-20 21:59:23,2.4167,30.9855,68.49,28,84,1.59
567,Castelo Branco,PT,2023-02-20 21:59:24,39.8222,-7.4909,48.76,87,87,3.42
568,Kibakwe,TZ,2023-02-20 21:59:24,-6.7167,36.3667,63.81,95,100,4.32
569,Massakory,TD,2023-02-20 21:59:25,12.996,15.7293,75.54,12,0,14.23
570,Gribanovskiy,RU,2023-02-20 21:59:25,51.4579,41.9764,25.43,95,100,12.28
571,Trinidad,BO,2023-02-20 21:59:26,-14.8333,-64.9,85.98,45,58,4.61
572,Ilo,PE,2023-02-20 21:59:26,-17.6394,-71.3375,76.06,69,0,21.85
573,West Mifflin,US,2023-02-20 21:59:27,40.3634,-79.8664,51.35,65,100,9.22
574,Skibbereen,IE,2023-02-20 21:59:27,51.55,-9.2667,49.1,79,98,9.19
575,Qaracala,AZ,2023-02-20 21:59:28,39.8132,48.9523,49.51,58,12,8.88
576,Kristinehamn,SE,2023-02-20 21:59:28,59.3098,14.1081,41.56,77,99,8.81
577,Senador Jose Porfirio,BR,2023-02-20 21:59:28,-2.5908,-51.9542,76.78,86,88,3.38
578,Iberia,US,2023-02-20 21:59:29,29.9502,-91.7507,73.47,73,100,18.41
579,Riyadh,SA,2023-02-20 21:56:36,24.6877,46.7219,57.34,24,27,7.36
580,Kapoeta,SS,2023-02-20 21:59:29,4.7717,33.5903,81.86,16,3,8.12
581,Vigrestad,NO,2023-02-20 21:59:30,58.5667,5.7,44.58,77,100,30.09
582,Qaqortoq,GL,2023-02-20 21:59:30,60.7167,-46.0333,-2.22,81,1,8.55
583,Brazzaville,CG,2023-02-20 21:59:31,-4.2658,15.2832,78.12,77,85,1.12
584,Mizan Teferi,ET,2023-02-20 21:59:31,6.9833,35.5833,66.74,49,13,1.81
585,Quatre Cocos,MU,2023-02-20 21:59:31,-20.2078,57.7625,81.09,88,100,18.28
586,Roura,GF,2023-02-20 21:59:32,4.7263,-52.3274,75.11,94,75,2.3
587,Cotonou,BJ,2023-02-20 21:58:07,6.3654,2.4183,84.18,84,59,9.22
588,Portel,BR,2023-02-20 21:59:32,-1.9356,-50.8211,75.87,87,96,1.41
589,Inhambane,MZ,2023-02-20 21:59:33,-23.865,35.3833,81.36,82,100,10.98
590,Neuquen,AR,2023-02-20 21:59:33,-38.9516,-68.0591,87.69,27,0,4.61
591,Rio Grande,BR,2023-02-20 21:59:33,-32.035,-52.0986,77.11,79,100,16.87
592,Padang,ID,2023-02-20 21:59:34,-0.9492,100.3543,76.68,84,100,3.29
593,Sydney Mines,CA,2023-02-20 21:59:34,46.2367,-60.2177,46.0,96,100,18.41
594,Sars,RU,2023-02-20 22:00:35,56.5502,57.1366,9.93,95,100,10.0
595,Trogir,HR,2023-02-20 22:00:35,43.5125,16.2517,51.85,87,0,10.36
596,Surt,LY,2023-02-20 22:00:36,31.2089,16.5887,58.05,63,0,3.65
597,Mandera,KE,2023-02-20 22:00:36,3.9366,41.867,79.0,15,17,8.1
598,Catamarca,AR,2023-02-20 21:57:25,-28.4696,-65.7852,81.77,43,77,11.01
599,Malveira,PT,2023-02-20 22:00:38,38.9321,-9.2578,56.75,77,20,1.14
600,Kismayo,SO,2023-02-20 22:00:38,-0.3582,42.5454,77.25,81,100,15.88
601,Puerto Narino,CO,2023-02-20 22:00:39,-3.7703,-70.3831,77.16,92,87,2.15
602,Koslan,RU,2023-02-20 22:00:39,63.4564,48.8989,-6.43,100,100,4.45
603,Plettenberg Bay,ZA,2023-02-20 22:00:40,-34.0527,23.3716,59.11,73,44,19.17
604,Pimentel,PE,2023-02-20 22:00:40,-6.8367,-79.9342,82.69,61,0,19.57
605,Troy,US,2023-02-20 22:00:40,42.6056,-83.1499,45.57,48,75,3.0
606,Kisangani,CD,2023-02-20 22:00:41,0.5167,25.2,77.47,39,100,2.68
607,Knysna,ZA,2023-02-20 22:00:41,-34.0363,23.0471,60.04,71,37,19.3
608,Celinac,BA,2023-02-20 22:00:42,44.7228,17.3278,41.67,80,54,5.5
609,Sept-Iles,CA,2023-02-20 21:56:16,50.2001,-66.3821,32.52,93,75,4.61
610,Am Timan,TD,2023-02-20 22:00:42,11.0297,20.2827,80.28,15,87,6.35
611,Huarmey,PE,2023-02-20 22:00:43,-10.0681,-78.1522,77.11,80,70,9.31
612,Rio Verde De Mato Grosso,BR,2023-02-20 22:00:44,-18.9181,-54.8442,70.3,96,100,5.44
613,Astara,AZ,2023-02-20 22:00:44,38.5,48.6667,52.5,49,62,13.51
614,Pozoblanco,ES,2023-02-20 22:00:45,38.3791,-4.8483,49.5,62,100,4.52
615,Kaniama,CD,2023-02-20 22:00:45,-7.5667,24.1833,64.71,95,98,2.3
616,Stephenville Crossing,CA,2023-02-20 22:00:46,48.5,-58.4318,37.53,87,100,16.11
617,Doha,QA,2023-02-20 21:59:22,25.2867,51.5333,62.58,55,0,11.5
618,Guarumal,PA,2023-02-20 22:00:46,8.35,-82.5333,96.89,26,20,21.85
619,Karema,TZ,2023-02-20 22:00:47,-6.8205,30.4389,70.75,87,100,4.38
620,Alanya,TR,2023-02-20 22:00:47,36.5438,31.9998,54.84,65,1,5.3
621,Madarounfa,NE,2023-02-20 22:00:48,13.3087,7.156,71.06,17,0,10.04
622,Garissa,KE,2023-02-20 22:00:48,-0.4536,39.6401,78.15,63,100,11.12
623,Parana,AR,2023-02-20 22:00:49,-31.732,-60.5238,87.57,31,3,6.38
624,Manoharpur,IN,2023-02-20 22:00:49,27.3,75.95,66.27,19,82,5.88
625,Annau,TM,2023-02-20 22:00:51,37.8876,58.516,44.1,57,1,4.61
626,Pontefract,GB,2023-02-20 22:00:51,53.6911,-1.3127,51.85,77,69,7.0
627,Argentan,FR,2023-02-20 22:00:52,48.75,-0.0167,43.23,83,70,1.52
628,Linhares,BR,2023-02-20 22:00:52,-19.3911,-40.0722,74.61,82,12,4.43
629,Concepcion,CL,2023-02-20 22:00:53,-36.827,-73.0498,69.6,49,0,17.27
630,Bardiyah,LY,2023-02-20 22:00:53,31.7561,25.0865,57.04,76,53,9.73
631,Coihueco,CL,2023-02-20 22:00:54,-36.6167,-71.8333,86.74,16,0,9.22
632,Khorramshahr,IR,2023-02-20 22:00:54,30.4397,48.1664,53.56,58,0,4.61
633,Elbistan,TR,2023-02-20 22:00:55,38.2059,37.1983,32.36,97,97,1.36
634,Eydhafushi,MV,2023-02-20 22:00:55,5.1033,73.0708,80.53,74,30,9.8
635,Molchanovo,RU,2023-02-20 22:00:56,57.5817,83.7692,-2.96,100,100,3.53
636,Kahramanmaras,TR,2023-02-20 22:00:56,38.0,37.0,30.79,98,88,2.28
637,Oshnaviyeh,IR,2023-02-20 22:00:58,37.0397,45.0983,30.33,82,6,9.37
638,Port Hawkesbury,CA,2023-02-20 22:00:59,45.6169,-61.3485,46.9,98,100,14.97
639,Lieksa,FI,2023-02-20 22:02:00,63.3167,30.0167,4.86,94,100,8.25
640,Syracuse,IT,2023-02-20 22:02:00,37.0881,15.2792,50.32,76,0,3.22
641,Los Andes,CL,2023-02-20 22:02:01,-32.8337,-70.5983,87.01,27,33,8.88
642,Anloga,GH,2023-02-20 22:02:01,5.7947,0.8973,81.52,80,87,8.03
643,Fasa,IR,2023-02-20 22:02:02,28.9383,53.6482,40.24,65,0,0.0
644,Panyutyne,UA,2023-02-20 22:02:02,48.9333,36.2833,31.46,70,100,16.75
645,Mumford,GH,2023-02-20 22:02:03,5.2618,-0.759,79.43,87,86,7.14
646,Villanueva De Cordoba,ES,2023-02-20 22:02:04,38.3228,-4.6287,49.33,64,98,2.53
647,Porbandar,IN,2023-02-20 22:02:04,21.6422,69.6093,71.35,81,6,7.4
648,Bodden Town,KY,2023-02-20 22:02:05,19.2833,-81.25,84.2,70,40,12.66
649,Siva,EG,2023-02-20 22:02:06,29.2041,25.5195,57.72,47,0,7.07
650,Bembereke,BJ,2023-02-20 22:02:06,10.2283,2.6634,77.04,16,0,5.5
651,Maceio,BR,2023-02-20 22:02:07,-9.6658,-35.7353,78.24,83,0,4.61
652,Kindu,CD,2023-02-20 22:02:07,-2.95,25.95,71.31,98,100,2.1
653,Halifax,CA,2023-02-20 21:57:59,44.6453,-63.5724,48.09,95,100,19.57
654,Vilcun,CL,2023-02-20 22:02:08,-38.65,-72.2333,72.34,19,69,9.06
655,Tamandare,BR,2023-02-20 22:02:09,-8.7597,-35.1047,79.61,73,100,7.31
656,Mahanoro,MG,2023-02-20 22:02:10,-19.9,48.8,77.88,83,73,8.57
657,Bonavista,CA,2023-02-20 22:02:11,48.6499,-53.1147,30.54,84,100,29.24
658,Rundu,NA,2023-02-20 22:02:11,-17.9333,19.7667,68.47,35,98,5.08
659,Somerset East,ZA,2023-02-20 22:02:12,-32.7217,25.588,60.55,63,67,16.04
660,Rupea,RO,2023-02-20 22:02:12,46.0333,25.2167,39.88,82,85,18.92
661,Vallenar,CL,2023-02-20 22:02:13,-28.5708,-70.7581,81.95,36,100,7.81
662,Gangapur,IN,2023-02-20 22:02:13,26.4833,76.7167,69.6,20,40,7.81
663,Izhma,RU,2023-02-20 22:02:14,65.0083,53.9113,-17.46,100,100,2.17
664,Oistins,BB,2023-02-20 22:01:54,13.0667,-59.5333,78.89,61,20,19.57
665,Tibacuy,CO,2023-02-20 22:02:14,4.3511,-72.4564,94.08,22,99,11.21
666,Yol,IN,2023-02-20 22:02:15,32.1667,76.2,60.62,57,70,10.33
667,Haradok,BY,2023-02-20 22:02:16,55.4624,29.9816,26.38,97,100,10.83
668,Uhlove,UA,2023-02-20 22:02:16,44.8215,33.6045,43.02,64,81,19.95
669,Wladyslawowo,PL,2023-02-20 22:02:17,54.7909,18.4009,45.93,78,100,34.65
670,Niteroi,BR,2023-02-20 22:02:17,-22.8833,-43.1036,85.89,69,20,12.66
671,Raver,IN,2023-02-20 22:02:18,21.25,76.0333,73.99,18,0,2.82
672,Ipu,BR,2023-02-20 22:02:18,-4.3222,-40.7108,77.43,57,100,4.63
673,San Rafael,AR,2023-02-20 22:02:19,-34.6177,-68.3301,85.46,19,10,14.74
674,Edewecht,DE,2023-02-20 22:02:19,53.1333,7.9833,50.13,91,100,17.58
675,Santa Isabel Do Rio Negro,BR,2023-02-20 22:02:20,-0.4139,-65.0192,72.45,99,100,0.18
676,Larkana,PK,2023-02-20 22:00:42,27.5551,68.2141,69.35,19,0,8.48
677,Ust-Kulom,RU,2023-02-20 22:02:21,61.6864,53.6902,-9.08,100,100,4.27
678,Ballina,AU,2023-02-20 22:02:21,-28.8667,153.5667,72.01,99,100,6.67
679,Tambacounda,SN,2023-02-20 22:02:22,13.7539,-13.7586,89.65,22,37,4.61
680,Shelbyville,US,2023-02-20 21:58:01,35.4834,-86.4603,67.01,67,75,11.5
681,Greven,DE,2023-02-20 22:02:22,52.0936,7.594,48.22,91,75,13.8
682,Staraya Poltavka,RU,2023-02-20 22:02:23,50.4772,46.4814,22.08,94,100,10.22
683,Amapa,BR,2023-02-20 22:02:23,1.0,-52.0,73.09,96,90,1.63
684,Diego De Almagro,CL,2023-02-20 22:02:24,-26.3667,-70.05,78.89,35,76,11.72
685,Koubia,GN,2023-02-20 22:03:25,11.5833,-11.9,74.59,16,6,1.5
686,Puerto Colombia,CO,2023-02-20 22:03:26,10.9878,-74.9547,82.49,78,0,25.39
687,Matay,EG,2023-02-20 22:03:26,28.419,30.7792,55.74,63,0,15.61
688,Mana,GF,2023-02-20 22:03:27,5.6592,-53.7767,75.18,87,48,9.91
